ENSG00000169242	9.94337475315754e-20
ENSG00000147123	9.65035733459834e-20
ENSG00000123636	9.39840627256333e-20
ENSG00000172869	9.11612482316628e-20
ENSG00000120992	9.07869675048838e-20
ENSG00000148459	8.90421832061238e-20
ENSG00000126460	8.84286344584661e-20
ENSG00000048162	8.47199041651458e-20
ENSG00000143375	7.97968067751077e-20
ENSG00000012211	7.66058828116225e-20
ENSG00000138495	7.46737928332064e-20
ENSG00000183072	7.4569320154083e-20
ENSG00000156831	7.14252069437777e-20
ENSG00000168924	7.09719780519901e-20
ENSG00000166037	7.05013461744323e-20
ENSG00000105549	7.00590755276804e-20
ENSG00000188257	6.8870717755845e-20
ENSG00000185621	6.85003604409944e-20
ENSG00000166535	6.78362069718307e-20
ENSG00000172354	6.76547675671372e-20
ENSG00000152240	6.74551354934442e-20
ENSG00000168434	6.53292575859166e-20
ENSG00000128271	6.38289415341784e-20
ENSG00000221867	6.34092511634287e-20
ENSG00000126467	6.24920218202575e-20
ENSG00000100804	6.23600678772969e-20
ENSG00000124733	6.15528828760589e-20
ENSG00000122025	6.1362691392399e-20
ENSG00000140798	6.05362879463818e-20
ENSG00000154040	6.04453037006035e-20
ENSG00000058262	6.02915191175479e-20
ENSG00000185359	5.98566470019725e-20
ENSG00000167889	5.89978892640732e-20
ENSG00000197822	5.78625625682282e-20
ENSG00000102030	5.76940353133316e-20
ENSG00000187595	5.75923433607457e-20
ENSG00000158560	5.49849491086574e-20
ENSG00000203879	5.48008565572388e-20
ENSG00000106348	5.38970651713386e-20
ENSG00000168569	4.98882289464262e-20
ENSG00000118160	4.93934155388194e-20
ENSG00000198681	4.90116015672224e-20
ENSG00000204967	4.78668187207914e-20
ENSG00000125450	4.7631135957021e-20
ENSG00000027847	4.6384389531691e-20
ENSG00000163611	4.34055628461317e-20
ENSG00000146540	4.27223455065547e-20
ENSG00000160214	4.2715622800606e-20
ENSG00000001617	4.05184141122757e-20
ENSG00000149658	3.91158975632715e-20
ENSG00000171729	3.73573211113104e-20
ENSG00000165282	3.61032762471976e-20
ENSG00000178096	3.58019823791737e-20
ENSG00000120539	3.54384218797172e-20
ENSG00000189001	3.48120028120547e-20
ENSG00000163170	3.46487300113305e-20
ENSG00000143727	3.37000111666491e-20
ENSG00000162755	3.33903422956302e-20
ENSG00000133703	3.31050766202294e-20
ENSG00000148334	3.24367172498773e-20
ENSG00000090470	3.22092222130484e-20
ENSG00000148848	3.20004036806766e-20
ENSG00000180900	3.15394757615135e-20
ENSG00000147894	3.07418918087192e-20
ENSG00000156127	2.98329446319981e-20
ENSG00000100116	2.89191624273427e-20
ENSG00000010803	2.88440774271346e-20
ENSG00000136240	2.61749516317866e-20
ENSG00000241553	2.61649437365604e-20
ENSG00000065150	2.57849460607489e-20
ENSG00000167123	2.56061556470519e-20
ENSG00000138755	2.43276160306509e-20
ENSG00000137161	2.33959693240053e-20
ENSG00000089094	2.26850453742756e-20
ENSG00000132330	2.26281707205223e-20
ENSG00000133121	2.25643908865334e-20
ENSG00000106785	2.22019426512189e-20
ENSG00000064652	2.18882482933475e-20
ENSG00000144036	2.14118999995574e-20
ENSG00000111696	2.11570542088793e-20
ENSG00000150753	2.07655625191812e-20
ENSG00000124107	2.06985643496982e-20
ENSG00000203747	2.06323519862529e-20
ENSG00000126249	2.0166944537313e-20
ENSG00000066382	1.98621698818207e-20
ENSG00000074054	1.91154177926219e-20
ENSG00000135324	1.85908129512734e-20
ENSG00000140365	1.79266250385861e-20
ENSG00000128683	1.79162458639862e-20
ENSG00000171813	1.65685110424823e-20
ENSG00000121022	1.65215661839644e-20
ENSG00000102001	1.62931675395681e-20
ENSG00000103202	1.57921224066874e-20
ENSG00000172602	1.49998376023766e-20
ENSG00000169344	1.29839758695187e-20
ENSG00000064999	1.29766122312727e-20
ENSG00000083838	1.1827752701959e-20
ENSG00000165526	1.1827752701959e-20
ENSG00000011478	1.14537490645457e-20
ENSG00000150782	1.14025549627396e-20
ENSG00000111639	1.12867000050049e-20
ENSG00000111331	1.11240846030171e-20
ENSG00000143320	1.10587253914994e-20
ENSG00000143862	1.09644455342667e-20
ENSG00000149782	1.07420440792373e-20
ENSG00000160714	1.01038977388571e-20
ENSG00000161277	1.0061236890189e-20
ENSG00000153086	9.4562917584249e-21
ENSG00000164099	9.43493162109419e-21
ENSG00000166200	9.38968951680813e-21
ENSG00000115289	8.33120626261228e-21
ENSG00000110057	8.22230553432581e-21
ENSG00000160584	8.10529318548436e-21
ENSG00000180616	8.01842034396583e-21
ENSG00000099901	7.88824679832417e-21
ENSG00000146555	7.83202251045572e-21
ENSG00000135763	7.73531514508511e-21
ENSG00000103024	7.55474060330961e-21
ENSG00000112877	7.4214222735648e-21
ENSG00000073910	7.36632561037368e-21
ENSG00000164889	7.33110750683697e-21
ENSG00000182628	7.28309381369068e-21
ENSG00000138942	7.2697855133388e-21
ENSG00000154914	6.99391987035064e-21
ENSG00000168671	6.81654951770386e-21
ENSG00000143771	6.62398545328376e-21
ENSG00000101138	6.20050913519464e-21
ENSG00000198689	6.14922746448798e-21
ENSG00000042088	5.99310241255128e-21
ENSG00000008083	5.92574072905926e-21
ENSG00000146006	5.89962342146467e-21
ENSG00000069509	5.76325545373315e-21
ENSG00000075415	5.62514194063226e-21
ENSG00000153944	5.62169120419777e-21
ENSG00000204084	5.60161892001911e-21
ENSG00000182132	5.4665602847509e-21
ENSG00000169047	5.40184229773052e-21
ENSG00000160185	5.32098700493924e-21
ENSG00000166887	5.28699706662173e-21
ENSG00000125901	5.2558302278487e-21
ENSG00000163006	5.22921198998359e-21
ENSG00000133265	4.98360199243311e-21
ENSG00000116918	4.74534444529202e-21
ENSG00000113460	4.64149998451653e-21
ENSG00000196482	4.58988792668389e-21
ENSG00000150961	4.4606752134258e-21
ENSG00000147100	4.32363288180891e-21
ENSG00000254535	4.16519089373666e-21
ENSG00000151224	4.15594631550147e-21
ENSG00000143436	4.07453711845546e-21
ENSG00000148444	4.04267620698951e-21
ENSG00000103249	3.82485608341653e-21
ENSG00000149218	3.80193295944946e-21
ENSG00000160654	3.67781075792653e-21
ENSG00000156006	3.66971059892386e-21
ENSG00000198856	3.63174985579731e-21
ENSG00000143839	3.40695273787585e-21
ENSG00000126353	3.40607458439169e-21
ENSG00000164897	3.37985562423944e-21
ENSG00000169957	3.36041674009906e-21
ENSG00000185883	3.17492962477503e-21
ENSG00000041357	3.15712651662082e-21
ENSG00000068078	3.00486818402733e-21
ENSG00000168883	2.99696938748331e-21
ENSG00000166477	2.96280686577164e-21
ENSG00000111181	2.90319569060733e-21
ENSG00000106537	2.86379833783635e-21
ENSG00000104976	2.74832386932972e-21
ENSG00000130810	2.67441529195347e-21
ENSG00000010310	2.62534200417744e-21
ENSG00000130706	2.4854643123936e-21
ENSG00000163207	2.42875505690328e-21
ENSG00000177990	2.37423979976454e-21
ENSG00000139988	2.37326456229613e-21
ENSG00000265241	2.30613500258943e-21
ENSG00000198088	2.29915948858409e-21
ENSG00000041802	2.26689975141823e-21
ENSG00000169218	2.21918549519392e-21
ENSG00000173110	2.16206192461007e-21
ENSG00000143376	2.01351508883919e-21
ENSG00000198952	2.00177530040301e-21
ENSG00000175216	1.97878291068481e-21
ENSG00000156398	1.91054436059843e-21
ENSG00000127328	1.89798993428954e-21
ENSG00000173960	1.84259783239299e-21
ENSG00000105085	1.70418101146425e-21
ENSG00000168461	1.66789004248995e-21
ENSG00000126767	1.61495103539119e-21
ENSG00000100379	1.61390474071654e-21
ENSG00000149761	1.60518366081633e-21
ENSG00000015133	1.51834646630406e-21
ENSG00000021826	1.49817887225911e-21
ENSG00000135525	1.45519629466766e-21
ENSG00000146938	1.42926799016472e-21
ENSG00000120278	1.40898981601366e-21
ENSG00000115825	1.31022171722271e-21
ENSG00000105723	1.30030345421935e-21
ENSG00000196182	1.29839370033629e-21
ENSG00000085514	1.25122597391789e-21
ENSG00000102554	1.23114667456137e-21
ENSG00000179532	1.22761854681867e-21
ENSG00000184640	1.21040774823856e-21
ENSG00000153767	1.16371590493241e-21
ENSG00000147869	1.16328364331549e-21
ENSG00000141759	1.13177314547025e-21
ENSG00000152455	1.09239493396422e-21
ENSG00000169220	1.08273257059346e-21
ENSG00000172315	1.06999550104641e-21
ENSG00000170035	1.04838810942137e-21
ENSG00000185730	1.03267774545715e-21
ENSG00000198771	9.98273556034059e-22
ENSG00000047230	9.59742958651385e-22
ENSG00000218891	9.55348246074269e-22
ENSG00000023892	9.33889208455361e-22
ENSG00000174156	8.57153833002441e-22
ENSG00000145214	8.43571876609212e-22
ENSG00000128654	8.30732700362106e-22
ENSG00000134709	8.06518571838979e-22
ENSG00000121578	8.06125693537432e-22
ENSG00000099219	7.6837550539805e-22
ENSG00000123415	7.437441534907e-22
ENSG00000213930	7.40609669435549e-22
ENSG00000146674	7.122492346283e-22
ENSG00000145494	7.122492346283e-22
ENSG00000139044	7.00085594485793e-22
ENSG00000145491	6.80031801821622e-22
ENSG00000123562	6.66894143806843e-22
ENSG00000242372	6.21569388106834e-22
ENSG00000164749	6.1718647916989e-22
ENSG00000096717	6.16925937086066e-22
ENSG00000069482	6.09325959810142e-22
ENSG00000173409	5.95802644558529e-22
ENSG00000117215	5.94232967747972e-22
ENSG00000161914	5.70545521305071e-22
ENSG00000144589	5.56497714669453e-22
ENSG00000124098	5.39191110622023e-22
ENSG00000090447	5.34947386778597e-22
ENSG00000116750	5.05124880225035e-22
ENSG00000070501	4.92672406546534e-22
ENSG00000167395	4.71801111983281e-22
ENSG00000105438	4.4812579383115e-22
ENSG00000166920	4.47767649677281e-22
ENSG00000075275	4.01207333321768e-22
ENSG00000165863	3.9678915621533e-22
ENSG00000160447	3.95648299983101e-22
ENSG00000123395	3.94799507308556e-22
ENSG00000162729	3.66762951055297e-22
ENSG00000164362	3.59844838393462e-22
ENSG00000105255	3.43722740639376e-22
ENSG00000166471	3.34370155510386e-22
ENSG00000149541	3.15613195582981e-22
ENSG00000138182	3.10492133000473e-22
ENSG00000121716	2.95407765486438e-22
ENSG00000138031	2.8639612931871e-22
ENSG00000266412	2.73597240717576e-22
ENSG00000102265	2.67522385145945e-22
ENSG00000140400	2.6724143202068e-22
ENSG00000185252	2.65291658688676e-22
ENSG00000185291	2.65066555648705e-22
ENSG00000188010	2.63626625019679e-22
ENSG00000088320	2.60783939532222e-22
ENSG00000137764	2.53846767919237e-22
ENSG00000139438	2.4988411073451e-22
ENSG00000137074	2.49713980405105e-22
ENSG00000132004	2.32655750813999e-22
ENSG00000125449	2.30890198233587e-22
ENSG00000153132	2.3004193002464e-22
ENSG00000179222	2.29998094317101e-22
ENSG00000143452	2.21402681184202e-22
ENSG00000116670	2.12527896613652e-22
ENSG00000188522	2.11715406471484e-22
ENSG00000204936	2.01388804520879e-22
ENSG00000105821	1.9740554075096e-22
ENSG00000133111	1.94531296007433e-22
ENSG00000111445	1.92057052890599e-22
ENSG00000139343	1.84293585328809e-22
ENSG00000213145	1.83862550229208e-22
ENSG00000163909	1.79359248770962e-22
ENSG00000042493	1.77059128360397e-22
ENSG00000148572	1.75431598071392e-22
ENSG00000104312	1.74303529489173e-22
ENSG00000168040	1.68673756711839e-22
ENSG00000187764	1.59390235625879e-22
ENSG00000179526	1.59122331688504e-22
ENSG00000117984	1.55610430133612e-22
ENSG00000169435	1.41875957725603e-22
ENSG00000167862	1.38873581585083e-22
ENSG00000122386	1.32900421059644e-22
ENSG00000155961	1.30405753546649e-22
ENSG00000186919	1.29796324556219e-22
ENSG00000145692	1.25249649631158e-22
ENSG00000156709	1.23607389220243e-22
ENSG00000185187	1.20739516792448e-22
ENSG00000012048	1.20436740943171e-22
ENSG00000136888	1.15393099296686e-22
ENSG00000122218	1.15310614522556e-22
ENSG00000006788	1.12525716090722e-22
ENSG00000164379	1.11288312818823e-22
ENSG00000078549	1.05787397631989e-22
ENSG00000075073	1.03977680949921e-22
ENSG00000172379	1.03548917129715e-22
ENSG00000184009	1.01758506860506e-22
ENSG00000176788	9.58580864745915e-23
ENSG00000010278	9.36386317064831e-23
ENSG00000171311	8.19189326207357e-23
ENSG00000005073	7.81845008792018e-23
ENSG00000110628	7.81382577187486e-23
ENSG00000176101	7.79223724476536e-23
ENSG00000124140	7.61045367076405e-23
ENSG00000152503	7.51627817812763e-23
ENSG00000117385	7.44697451940355e-23
ENSG00000070193	7.44385257987455e-23
ENSG00000138496	7.30881656163782e-23
ENSG00000075213	7.17629446094607e-23
ENSG00000169895	7.14197817985582e-23
ENSG00000185674	7.01926851320185e-23
ENSG00000165501	6.94839368004346e-23
ENSG00000141378	6.75617257606833e-23
ENSG00000149418	6.27789254827884e-23
ENSG00000101361	6.10588043651506e-23
ENSG00000185483	6.07828927324726e-23
ENSG00000096092	6.05522658184427e-23
ENSG00000165626	6.02278507579134e-23
ENSG00000197361	5.82077698158806e-23
ENSG00000080822	5.80296939256065e-23
ENSG00000172578	5.51407063078581e-23
ENSG00000110080	5.4458535764804e-23
ENSG00000142224	5.4401425234013e-23
ENSG00000178950	5.29589456953261e-23
ENSG00000170776	5.13467188517973e-23
ENSG00000118137	4.94895471277368e-23
ENSG00000243955	4.90625343611648e-23
ENSG00000085831	4.887394015416e-23
ENSG00000145293	4.88598292145372e-23
ENSG00000183576	4.88200256055616e-23
ENSG00000182771	4.6576899187157e-23
ENSG00000150990	4.55158927530467e-23
ENSG00000105877	4.25983676228844e-23
ENSG00000166848	4.12040961482536e-23
ENSG00000132341	4.01676709873645e-23
ENSG00000072506	3.97701901728778e-23
ENSG00000114631	3.93092412202771e-23
ENSG00000174276	3.85731353075965e-23
ENSG00000176749	3.82739430422439e-23
ENSG00000131779	3.80333634756469e-23
ENSG00000099617	3.69122425577044e-23
ENSG00000150630	3.59645979515099e-23
ENSG00000170266	3.47778843392761e-23
ENSG00000196262	3.37714577126349e-23
ENSG00000048052	3.0921169595482e-23
ENSG00000124571	3.06794581856543e-23
ENSG00000112335	3.05004179313319e-23
ENSG00000175550	2.9952884405389e-23
ENSG00000129646	2.87864130231e-23
ENSG00000118705	2.8638262779964e-23
ENSG00000139910	2.71756129168222e-23
ENSG00000197122	2.6487425988256e-23
ENSG00000143420	2.50705337264353e-23
ENSG00000269404	2.33358398393487e-23
ENSG00000076770	2.31336434364243e-23
ENSG00000124302	2.23050726355183e-23
ENSG00000160710	2.20898851878852e-23
ENSG00000170558	2.12713864290982e-23
ENSG00000158710	2.08228310717e-23
ENSG00000177383	2.06913325108658e-23
ENSG00000038427	2.05510527304544e-23
ENSG00000204178	2.04616797763821e-23
ENSG00000167525	2.03901071179589e-23
ENSG00000160856	1.95122324397869e-23
ENSG00000112242	1.86701432062269e-23
ENSG00000131381	1.85084964891841e-23
ENSG00000121104	1.7777752552731e-23
ENSG00000018236	1.75441928101921e-23
ENSG00000187954	1.73360305704438e-23
ENSG00000163162	1.67721553594167e-23
ENSG00000116213	1.65734674054488e-23
ENSG00000139626	1.63142346373604e-23
ENSG00000147419	1.57884333986093e-23
ENSG00000134684	1.49566442832016e-23
ENSG00000149212	1.46486547483136e-23
ENSG00000140983	1.46167946136823e-23
ENSG00000267855	1.44875818622663e-23
ENSG00000072210	1.35090751556914e-23
ENSG00000161847	1.32428714607526e-23
ENSG00000160570	1.28520083829391e-23
ENSG00000181449	1.24115873581012e-23
ENSG00000185043	1.16872547283679e-23
ENSG00000187017	1.15395692944314e-23
ENSG00000141756	1.12360456839794e-23
ENSG00000131470	1.12015080476324e-23
ENSG00000114354	1.08458431485244e-23
ENSG00000163191	1.07693955563062e-23
ENSG00000169750	1.04678673244835e-23
ENSG00000067445	1.00634963871509e-23
ENSG00000115170	9.71050532598255e-24
ENSG00000136002	9.08552933151676e-24
ENSG00000101473	8.76172498699741e-24
ENSG00000184182	8.12050826361009e-24
ENSG00000127585	7.98716327411743e-24
ENSG00000130332	7.79657277418758e-24
ENSG00000242114	7.23410102524918e-24
ENSG00000137203	7.12969051243659e-24
ENSG00000175093	6.95830724120518e-24
ENSG00000184905	6.87250511900762e-24
ENSG00000171566	6.64350420929757e-24
ENSG00000169223	6.53784844608057e-24
ENSG00000161513	6.52880068906201e-24
ENSG00000143248	6.49244576344944e-24
ENSG00000086730	6.21912064805634e-24
ENSG00000257727	6.20926574783256e-24
ENSG00000138381	6.13518220706081e-24
ENSG00000136450	5.99572170924028e-24
ENSG00000181220	5.88039620826302e-24
ENSG00000135587	5.71802878777466e-24
ENSG00000123374	5.59698933169637e-24
ENSG00000184156	5.27044024613311e-24
ENSG00000157212	5.06032476885887e-24
ENSG00000120370	4.98043632240718e-24
ENSG00000262814	4.72555369843117e-24
ENSG00000197785	4.67504315833739e-24
ENSG00000166908	4.48858473118525e-24
ENSG00000089356	4.22063152720918e-24
ENSG00000198805	4.14596315449353e-24
ENSG00000205978	3.99120781888994e-24
ENSG00000197943	3.97474185314705e-24
ENSG00000084734	3.73747670897203e-24
ENSG00000107929	3.65242305944117e-24
ENSG00000137145	3.64489721548171e-24
ENSG00000160349	3.5410307682474e-24
ENSG00000179041	3.22206882569524e-24
ENSG00000019102	3.1805623028038e-24
ENSG00000125912	3.08308281532758e-24
ENSG00000130699	2.95152161304157e-24
ENSG00000147099	2.82484912531413e-24
ENSG00000125266	2.74897708013466e-24
ENSG00000156860	2.68552109768482e-24
ENSG00000026559	2.61123370375108e-24
ENSG00000148335	2.44212575782954e-24
ENSG00000196628	2.42167007851312e-24
ENSG00000181690	2.34949703243908e-24
ENSG00000137168	2.32179557582895e-24
ENSG00000123999	2.22560268656415e-24
ENSG00000157765	2.04221860601906e-24
ENSG00000149503	2.02114303737296e-24
ENSG00000173418	1.84808957442341e-24
ENSG00000160181	1.82524704013059e-24
ENSG00000172009	1.7837119477603e-24
ENSG00000198258	1.7719081165996e-24
ENSG00000051128	1.76240104270653e-24
ENSG00000136261	1.71551023774294e-24
ENSG00000167196	1.7051534895024e-24
ENSG00000198464	1.69897415097357e-24
ENSG00000064270	1.63740197098451e-24
ENSG00000178199	1.61072691199115e-24
ENSG00000184330	1.60095863396638e-24
ENSG00000100814	1.58036282943032e-24
ENSG00000176049	1.43387479609242e-24
ENSG00000109929	1.31466801063539e-24
ENSG00000166900	1.29766226796075e-24
ENSG00000206075	1.25677504562224e-24
ENSG00000116017	1.22734484832462e-24
ENSG00000109066	1.22505887449275e-24
ENSG00000198860	1.21004959619334e-24
ENSG00000184432	1.15264112790948e-24
ENSG00000111667	1.12281489815717e-24
ENSG00000175482	1.1089818713652e-24
ENSG00000129682	1.08239532536065e-24
ENSG00000265354	1.05844793012134e-24
ENSG00000243364	1.04850686649543e-24
ENSG00000170638	1.01242015505253e-24
ENSG00000158773	9.94593456098066e-25
ENSG00000161671	9.83360789257694e-25
ENSG00000164284	9.60524789888865e-25
ENSG00000198015	9.55522359890732e-25
ENSG00000107242	9.31835545129709e-25
ENSG00000105677	8.27724446847712e-25
ENSG00000136770	8.19986754895143e-25
ENSG00000114107	8.17046691823724e-25
ENSG00000118785	7.78127097519731e-25
ENSG00000161692	7.14842247780063e-25
ENSG00000159363	6.97037995494957e-25
ENSG00000183087	6.37433608084544e-25
ENSG00000160200	6.12482979437979e-25
ENSG00000145912	5.89092929947208e-25
ENSG00000128604	5.70252678809883e-25
ENSG00000146072	5.24998091763763e-25
ENSG00000019991	5.02790986038326e-25
ENSG00000143222	4.78576392930206e-25
ENSG00000161654	4.58268076279204e-25
ENSG00000178078	4.57681791764564e-25
ENSG00000064692	4.4616305077533e-25
ENSG00000005448	4.31225411249378e-25
ENSG00000130725	4.24227778607932e-25
ENSG00000167394	4.14403359430063e-25
ENSG00000124602	4.133267247802e-25
ENSG00000167685	3.95067996929516e-25
ENSG00000111641	3.93239560716402e-25
ENSG00000104313	3.88043623062312e-25
ENSG00000185499	3.69183605958567e-25
ENSG00000174744	3.63814119795675e-25
ENSG00000175931	3.59706430210968e-25
ENSG00000175866	3.58458749457378e-25
ENSG00000125813	3.5771293319005e-25
ENSG00000172586	3.51865666969302e-25
ENSG00000187837	3.47851059172635e-25
ENSG00000105676	3.47786997848658e-25
ENSG00000100726	3.16258425191986e-25
ENSG00000142273	2.87259494746415e-25
ENSG00000171611	2.70415540654611e-25
ENSG00000143811	2.67990933474787e-25
ENSG00000105996	2.61194469665779e-25
ENSG00000152147	2.44129789161712e-25
ENSG00000184524	2.4283461868708e-25
ENSG00000105514	2.37937162804753e-25
ENSG00000170743	2.29398883392012e-25
ENSG00000102387	2.25386575125673e-25
ENSG00000214575	2.18330156467711e-25
ENSG00000137440	1.95765643537535e-25
ENSG00000184162	1.90969624476465e-25
ENSG00000118162	1.82431972453081e-25
ENSG00000107831	1.76848792850286e-25
ENSG00000123560	1.67833213027e-25
ENSG00000057019	1.61717506153471e-25
ENSG00000140937	1.6130146808035e-25
ENSG00000184164	1.53282545475548e-25
ENSG00000124171	1.50535336499691e-25
ENSG00000108387	1.42534256297961e-25
ENSG00000187514	1.41545030211295e-25
ENSG00000180318	1.3866128636895e-25
ENSG00000177628	1.28433029737236e-25
ENSG00000148824	1.21540202650542e-25
ENSG00000069399	1.20456876255371e-25
ENSG00000114686	1.17548245869442e-25
ENSG00000120314	1.17429980894635e-25
ENSG00000112578	1.16288235960013e-25
ENSG00000153237	1.08686063112589e-25
ENSG00000187522	1.04487647387526e-25
ENSG00000137310	1.03324148558399e-25
ENSG00000146733	1.03058367163344e-25
ENSG00000183048	1.02178774159071e-25
ENSG00000146263	9.88378560177864e-26
ENSG00000103490	9.8242405447515e-26
ENSG00000101421	9.35127109582926e-26
ENSG00000225697	9.12978829557867e-26
ENSG00000228278	8.80905793134464e-26
ENSG00000147408	8.32069965581493e-26
ENSG00000143570	8.2260179016462e-26
ENSG00000196517	8.01586130677619e-26
ENSG00000159784	7.59424686939113e-26
ENSG00000144040	7.47938550299487e-26
ENSG00000187605	7.12764905090457e-26
ENSG00000100304	7.00723506385729e-26
ENSG00000124279	6.98675202485425e-26
ENSG00000059378	6.7592704351752e-26
ENSG00000213413	6.54726399011552e-26
ENSG00000101945	6.46226135957766e-26
ENSG00000070770	6.19101725953574e-26
ENSG00000063241	6.12302114740646e-26
ENSG00000154118	6.10902884366547e-26
ENSG00000214114	6.0922889624282e-26
ENSG00000162695	6.0648744432468e-26
ENSG00000106012	5.89491691365969e-26
ENSG00000129422	5.6930348183189e-26
ENSG00000211450	5.5007467595917e-26
ENSG00000167491	5.47693413032293e-26
ENSG00000105707	5.42575693362135e-26
ENSG00000163354	5.40568962535019e-26
ENSG00000153179	4.8144589244126e-26
ENSG00000092850	4.73349060314107e-26
ENSG00000120509	4.6913316264596e-26
ENSG00000096063	4.64125885831034e-26
ENSG00000116852	4.31207225768881e-26
ENSG00000164588	4.27219255016593e-26
ENSG00000177054	4.26033778721785e-26
ENSG00000130540	4.22174309008385e-26
ENSG00000076003	4.15370166134236e-26
ENSG00000127928	4.10133403760767e-26
ENSG00000163029	4.01579304380205e-26
ENSG00000184678	3.94380967859507e-26
ENSG00000057935	3.9126250571556e-26
ENSG00000243279	3.80983785884713e-26
ENSG00000143590	3.70314784059911e-26
ENSG00000197905	3.615344275741e-26
ENSG00000105880	3.6095557499005e-26
ENSG00000169813	3.43665319833863e-26
ENSG00000128524	3.21275206924187e-26
ENSG00000124688	3.01628059837358e-26
ENSG00000143258	2.87983986355098e-26
ENSG00000138621	2.78955873752428e-26
ENSG00000130309	2.65055842893969e-26
ENSG00000160193	2.53348258521373e-26
ENSG00000183751	2.42693108604291e-26
ENSG00000091073	2.36406650670607e-26
ENSG00000068305	2.33698837489663e-26
ENSG00000101935	2.17539560669762e-26
ENSG00000179981	2.11551304148843e-26
ENSG00000025772	2.0166411655523e-26
ENSG00000106268	1.94254471132324e-26
ENSG00000039650	1.80426719700609e-26
ENSG00000172551	1.80002295397996e-26
ENSG00000175745	1.72561252923693e-26
ENSG00000185245	1.69787938556608e-26
ENSG00000124102	1.67884691622129e-26
ENSG00000035687	1.66942005870809e-26
ENSG00000139546	1.56457031315932e-26
ENSG00000156876	1.48817944895473e-26
ENSG00000162337	1.47321325522706e-26
ENSG00000172500	1.40083204347267e-26
ENSG00000000003	1.37191865804497e-26
ENSG00000125970	1.3128650644821e-26
ENSG00000113302	1.29624350449909e-26
ENSG00000100401	1.22322116869057e-26
ENSG00000103353	1.20548659208629e-26
ENSG00000231925	1.20460783735363e-26
ENSG00000155363	1.17917076569204e-26
ENSG00000124562	1.17025144864154e-26
ENSG00000148468	1.12042790542127e-26
ENSG00000183258	1.09649719675016e-26
ENSG00000205208	1.05967198166878e-26
ENSG00000185129	1.04572314631924e-26
ENSG00000121879	1.04325334174842e-26
ENSG00000100852	8.8403639780981e-27
ENSG00000103056	8.70817112658234e-27
ENSG00000108309	8.40829095296312e-27
ENSG00000116329	7.71940388994246e-27
ENSG00000177556	7.53802422885642e-27
ENSG00000136448	7.16527230131764e-27
ENSG00000167130	6.4811490160673e-27
ENSG00000129667	6.33302908039356e-27
ENSG00000133110	6.16291245157506e-27
ENSG00000143256	6.07761278524954e-27
ENSG00000155313	5.85768513852953e-27
ENSG00000145354	5.59620292191494e-27
ENSG00000037897	5.59620292191494e-27
ENSG00000130733	5.49478512358419e-27
ENSG00000138083	5.4364574756907e-27
ENSG00000163171	5.42778063367863e-27
ENSG00000104356	5.26662921880223e-27
ENSG00000136982	5.13248979800935e-27
ENSG00000140743	5.00978090292705e-27
ENSG00000018408	4.99458211569718e-27
ENSG00000213190	4.95948591625903e-27
ENSG00000116771	4.95884348290233e-27
ENSG00000172667	4.81689384522579e-27
ENSG00000141682	4.58844993142465e-27
ENSG00000100092	4.47773031469195e-27
ENSG00000134851	4.41019914170971e-27
ENSG00000184492	4.19855534015618e-27
ENSG00000128422	3.98679009390082e-27
ENSG00000106153	3.32630166925517e-27
ENSG00000115241	3.00964588017705e-27
ENSG00000138794	2.99729186562486e-27
ENSG00000165966	2.85504409540458e-27
ENSG00000204262	2.69162537570608e-27
ENSG00000004779	2.53452616150321e-27
ENSG00000117868	2.5192231180425e-27
ENSG00000198700	2.44115486197546e-27
ENSG00000182199	2.06933218759068e-27
ENSG00000121289	1.99352841634833e-27
ENSG00000100902	1.95137118892256e-27
ENSG00000101197	1.88490748458562e-27
ENSG00000115844	1.88126594637619e-27
ENSG00000146425	1.8618888155426e-27
ENSG00000064961	1.82640121490902e-27
ENSG00000242220	1.77821353915695e-27
ENSG00000146373	1.74345973099721e-27
ENSG00000124217	1.73476977574301e-27
ENSG00000107611	1.66974165061045e-27
ENSG00000086015	1.66680785682371e-27
ENSG00000136271	1.57933485819624e-27
ENSG00000149294	1.45951763020371e-27
ENSG00000135845	1.41790658135068e-27
ENSG00000122691	1.41563395528875e-27
ENSG00000063244	1.40229367645831e-27
ENSG00000125841	1.33022956417196e-27
ENSG00000006576	1.27791875224042e-27
ENSG00000167333	1.26224310418558e-27
ENSG00000111254	1.24687720303474e-27
ENSG00000182902	1.2262665370351e-27
ENSG00000125877	1.18840878731295e-27
ENSG00000158864	1.12434460509618e-27
ENSG00000205629	1.08109888797476e-27
ENSG00000147127	1.06057789974279e-27
ENSG00000127838	1.04619291950969e-27
ENSG00000131668	1.04538729283136e-27
ENSG00000124541	1.00518085358268e-27
ENSG00000103356	9.90990062379186e-28
ENSG00000183690	9.84414750019813e-28
ENSG00000181274	9.29437126318113e-28
ENSG00000101098	9.01317467229346e-28
ENSG00000229314	8.9376244432208e-28
ENSG00000145730	8.2239916040689e-28
ENSG00000133895	7.85736681191455e-28
ENSG00000134762	7.1197917321537e-28
ENSG00000161055	6.89544882767003e-28
ENSG00000054356	6.88693020651198e-28
ENSG00000160679	6.3924421845286e-28
ENSG00000188064	6.15402762075034e-28
ENSG00000177192	6.07097130357321e-28
ENSG00000182263	5.64845604118055e-28
ENSG00000069535	5.47235505607936e-28
ENSG00000143801	5.28807265581643e-28
ENSG00000172954	4.85410575769806e-28
ENSG00000164105	4.74833451888134e-28
ENSG00000135114	4.71980338778825e-28
ENSG00000166295	4.47310384738266e-28
ENSG00000169129	4.33188159275643e-28
ENSG00000170540	3.83690703946091e-28
ENSG00000131876	3.74336909577138e-28
ENSG00000109771	3.46476182131678e-28
ENSG00000145425	3.29059484910858e-28
ENSG00000071564	2.78907469786011e-28
ENSG00000188229	2.47764747275141e-28
ENSG00000175946	2.38374631351828e-28
ENSG00000159352	2.1044662044356e-28
ENSG00000157653	2.04485341431372e-28
ENSG00000019549	1.94863392643124e-28
ENSG00000143643	1.94841813800011e-28
ENSG00000100721	1.87251255383581e-28
ENSG00000276231	1.73690037337555e-28
ENSG00000129990	1.65685228982761e-28
ENSG00000196263	1.59871867389194e-28
ENSG00000141552	1.54556843726278e-28
ENSG00000137573	1.4391798189325e-28
ENSG00000244754	1.36223179038688e-28
ENSG00000175634	1.33649262072243e-28
ENSG00000197372	1.31019282715344e-28
ENSG00000162882	1.19622559271208e-28
ENSG00000158769	1.1498763948622e-28
ENSG00000162761	1.13574055746023e-28
ENSG00000143314	1.09657512035069e-28
ENSG00000167965	1.05586144585785e-28
ENSG00000109943	1.02355008453307e-28
ENSG00000089737	9.78934116912117e-29
ENSG00000128973	9.77478202844913e-29
ENSG00000172932	9.54215784710506e-29
ENSG00000162910	8.95653144970637e-29
ENSG00000127952	8.82526878126026e-29
ENSG00000141873	8.63846261127239e-29
ENSG00000174851	8.51574886697496e-29
ENSG00000185361	8.51456318330967e-29
ENSG00000144120	7.1347768472136e-29
ENSG00000128059	7.00602478330404e-29
ENSG00000103257	6.63740533883211e-29
ENSG00000130429	6.54671183590836e-29
ENSG00000111879	6.53938834896147e-29
ENSG00000131653	5.77216212888533e-29
ENSG00000166170	5.33352290113446e-29
ENSG00000181192	5.25715836032827e-29
ENSG00000184371	5.23416565407847e-29
ENSG00000254858	4.37877814708453e-29
ENSG00000181788	4.20070087184857e-29
ENSG00000124357	3.89433699169981e-29
ENSG00000085063	3.4705532802609e-29
ENSG00000103657	3.43547988947393e-29
ENSG00000137269	3.24836463888336e-29
ENSG00000116525	2.8784723796981e-29
ENSG00000162889	2.74672347324199e-29
ENSG00000185838	2.46242600877642e-29
ENSG00000166451	2.45956462324631e-29
ENSG00000160712	2.44806822207952e-29
ENSG00000278463	2.4380359184386e-29
ENSG00000142230	2.32344307445714e-29
ENSG00000167088	2.30408198745775e-29
ENSG00000177380	2.18378030540426e-29
ENSG00000166402	2.13624081962392e-29
ENSG00000173272	2.01874423596028e-29
ENSG00000136810	1.88543358973537e-29
ENSG00000110375	1.85185520961357e-29
ENSG00000171435	1.79448333305668e-29
ENSG00000153208	1.78091553960734e-29
ENSG00000077063	1.7454659036964e-29
ENSG00000117400	1.69970878903908e-29
ENSG00000107371	1.68409176429419e-29
ENSG00000167004	1.65529931523889e-29
ENSG00000168528	1.64084168614741e-29
ENSG00000105229	1.64069286905802e-29
ENSG00000137876	1.63044674547383e-29
ENSG00000127311	1.54791913809027e-29
ENSG00000064787	1.49288987220625e-29
ENSG00000141568	1.28031850365293e-29
ENSG00000188211	1.26145514143255e-29
ENSG00000160145	1.24355862628101e-29
ENSG00000111860	1.22244711633113e-29
ENSG00000156858	1.21590679680349e-29
ENSG00000179772	1.16970788334937e-29
ENSG00000161682	1.15754092808188e-29
ENSG00000111669	1.14800013329623e-29
ENSG00000169933	1.14511338362686e-29
ENSG00000143995	1.14253923781247e-29
ENSG00000180185	9.17744506923011e-30
ENSG00000169550	9.15755668429994e-30
ENSG00000183814	9.08844220399779e-30
ENSG00000111229	9.01273242777273e-30
ENSG00000103591	8.99773726156354e-30
ENSG00000167632	8.59702606113042e-30
ENSG00000166396	8.24447842889912e-30
ENSG00000185090	7.82698706904653e-30
ENSG00000117983	7.61538599968872e-30
ENSG00000185624	7.4902426977966e-30
ENSG00000123159	7.27851949637797e-30
ENSG00000104081	6.97565131693196e-30
ENSG00000128567	6.91493681774749e-30
ENSG00000152904	6.83564005500681e-30
ENSG00000081692	6.22717053323981e-30
ENSG00000154582	5.65313648510146e-30
ENSG00000058085	5.44368501972965e-30
ENSG00000135374	5.15694891857085e-30
ENSG00000149925	5.11284050684189e-30
ENSG00000172828	4.81673619497767e-30
ENSG00000109101	4.34108566101101e-30
ENSG00000170633	4.2166374341553e-30
ENSG00000136699	3.56061179528726e-30
ENSG00000160191	3.5168067417109e-30
ENSG00000008118	3.42214225082599e-30
ENSG00000185519	2.74890851102037e-30
ENSG00000173894	2.69255956716157e-30
ENSG00000020129	2.62115277080264e-30
ENSG00000147573	2.61981840551875e-30
ENSG00000105519	2.56010895015986e-30
ENSG00000148143	2.44833659096399e-30
ENSG00000010810	2.22353149329364e-30
ENSG00000147155	2.20861084453996e-30
ENSG00000131981	2.19599347155932e-30
ENSG00000113763	2.13676112706483e-30
ENSG00000109062	2.03259988061011e-30
ENSG00000183765	1.94633155045123e-30
ENSG00000150995	1.83253433771914e-30
ENSG00000141543	1.73452240373868e-30
ENSG00000090376	1.68875839965751e-30
ENSG00000181029	1.67310307127135e-30
ENSG00000117394	1.63205989809e-30
ENSG00000118518	1.56749324434401e-30
ENSG00000104695	1.50725456235926e-30
ENSG00000162645	1.49883041072073e-30
ENSG00000185504	1.47094494568516e-30
ENSG00000070886	1.46034347742166e-30
ENSG00000144867	1.44482571029196e-30
ENSG00000170160	1.39170560355588e-30
ENSG00000168439	1.36373958943355e-30
ENSG00000116106	1.31647915750833e-30
ENSG00000163631	1.29008987943386e-30
ENSG00000126001	1.25799380574705e-30
ENSG00000126838	1.24574923396499e-30
ENSG00000275832	1.24399072331154e-30
ENSG00000085741	1.21817063566997e-30
ENSG00000150667	1.17828457079897e-30
ENSG00000131351	1.16118629850036e-30
ENSG00000077782	1.12812998108311e-30
ENSG00000179588	1.06896319123463e-30
ENSG00000159377	1.04978548479481e-30
ENSG00000221829	1.04581812966286e-30
ENSG00000160410	1.01820896633566e-30
ENSG00000106636	1.00302713429131e-30
ENSG00000103653	9.99381137298262e-31
ENSG00000102924	9.60913051310217e-31
ENSG00000147676	9.29088290807743e-31
ENSG00000085644	8.32215487211838e-31
ENSG00000187796	7.8632243018665e-31
ENSG00000144452	7.67612309789227e-31
ENSG00000181610	7.65503081101337e-31
ENSG00000179886	7.62350062037581e-31
ENSG00000062822	6.93903873000499e-31
ENSG00000105290	6.80875084059764e-31
ENSG00000131503	6.64510349675129e-31
ENSG00000161681	6.23401629225234e-31
ENSG00000086288	6.06633761578499e-31
ENSG00000119139	6.03126831007944e-31
ENSG00000125967	5.50347786737947e-31
ENSG00000106399	4.97923795229027e-31
ENSG00000188566	4.49303705804511e-31
ENSG00000188763	4.31843163138264e-31
ENSG00000160783	4.10003585380581e-31
ENSG00000135124	4.09905632324381e-31
ENSG00000111897	4.03123475024253e-31
ENSG00000089159	4.0159543308307e-31
ENSG00000240184	3.93518638901327e-31
ENSG00000118420	3.85006913248169e-31
ENSG00000122359	3.83251893911164e-31
ENSG00000162571	3.65555010660711e-31
ENSG00000105612	3.62451987419742e-31
ENSG00000076604	3.37952660658231e-31
ENSG00000011009	3.28566152946333e-31
ENSG00000160813	3.18023624946902e-31
ENSG00000117395	3.18023624946902e-31
ENSG00000179115	3.1376060379217e-31
ENSG00000115275	3.1249125799539e-31
ENSG00000116663	2.8932169738038e-31
ENSG00000165644	2.75722451411875e-31
ENSG00000133216	2.68161445509118e-31
ENSG00000095906	2.42180851281329e-31
ENSG00000159251	2.41242315170121e-31
ENSG00000138735	2.32188536520304e-31
ENSG00000071626	2.169723598973e-31
ENSG00000077463	2.04851109316646e-31
ENSG00000111640	2.04809158643346e-31
ENSG00000105771	1.92880556038372e-31
ENSG00000092978	1.7859442742797e-31
ENSG00000198795	1.71733264817848e-31
ENSG00000109472	1.71326973059569e-31
ENSG00000180938	1.52326348624731e-31
ENSG00000184374	1.40698031235453e-31
ENSG00000167967	1.3976879755259e-31
ENSG00000139835	1.34690630039482e-31
ENSG00000100632	1.28329970954034e-31
ENSG00000157020	1.2748604881941e-31
ENSG00000187961	1.13972431213211e-31
ENSG00000111196	1.07157807513105e-31
ENSG00000149968	1.04662567425055e-31
ENSG00000028277	1.02034490481005e-31
ENSG00000183207	9.12509733960948e-32
ENSG00000173540	8.04395412102901e-32
ENSG00000150510	7.73742539214657e-32
ENSG00000100263	6.08210658882744e-32
ENSG00000174013	5.8412540355538e-32
ENSG00000188603	5.38941813686256e-32
ENSG00000102606	5.17255138771566e-32
ENSG00000125454	5.11811268172937e-32
ENSG00000189334	4.55102672722566e-32
ENSG00000147804	4.45124127115461e-32
ENSG00000050730	4.21377850714678e-32
ENSG00000008441	3.78224618328413e-32
ENSG00000111786	3.59720712751337e-32
ENSG00000174672	3.56525947206794e-32
ENSG00000156795	3.41350658673982e-32
ENSG00000143315	3.29117537597781e-32
ENSG00000170419	3.28913049675898e-32
ENSG00000105649	2.97168754517897e-32
ENSG00000136274	2.94245725101228e-32
ENSG00000179918	2.75477009643932e-32
ENSG00000175294	2.70873783894813e-32
ENSG00000100290	2.69664060797402e-32
ENSG00000167114	2.36523228699033e-32
ENSG00000162076	2.27822583227384e-32
ENSG00000127527	2.18111217530458e-32
ENSG00000005187	2.16914224356049e-32
ENSG00000128050	2.16746624100061e-32
ENSG00000170819	2.16237130248047e-32
ENSG00000078900	2.11458957154637e-32
ENSG00000007171	2.09230353124197e-32
ENSG00000166171	2.07144853674744e-32
ENSG00000139410	2.06518222157331e-32
ENSG00000103363	1.94394397961292e-32
ENSG00000221838	1.89200595797808e-32
ENSG00000163568	1.88665877621608e-32
ENSG00000175315	1.88648719021066e-32
ENSG00000095713	1.83419700805431e-32
ENSG00000188095	1.82196077833211e-32
ENSG00000198075	1.80256491243899e-32
ENSG00000176531	1.73978045357176e-32
ENSG00000173638	1.58815080073911e-32
ENSG00000159214	1.56215078757092e-32
ENSG00000115539	1.37769348791227e-32
ENSG00000102837	1.26419050739764e-32
ENSG00000161405	1.22568931415704e-32
ENSG00000138311	1.20878336266746e-32
ENSG00000136518	1.17392628690804e-32
ENSG00000117593	1.16952376531843e-32
ENSG00000117450	1.15041410176688e-32
ENSG00000125827	1.03003992038834e-32
ENSG00000107317	1.01390427803774e-32
ENSG00000187475	9.50766707363299e-33
ENSG00000139211	9.41870283449274e-33
ENSG00000090520	9.2129057808542e-33
ENSG00000132329	9.02537726391927e-33
ENSG00000006453	8.31510306102763e-33
ENSG00000197181	8.27667083043658e-33
ENSG00000163902	7.38439962046586e-33
ENSG00000129355	7.25358327178885e-33
ENSG00000164078	6.6791294724563e-33
ENSG00000083857	6.5936032365357e-33
ENSG00000198643	6.54983157913198e-33
ENSG00000124813	6.47398686841928e-33
ENSG00000126878	6.29479241732649e-33
ENSG00000164919	6.08672661918476e-33
ENSG00000182054	5.58659740770317e-33
ENSG00000173083	4.6688342624837e-33
ENSG00000175137	4.637994061402e-33
ENSG00000164877	4.43744151412485e-33
ENSG00000107968	4.3580337962666e-33
ENSG00000157613	4.26180475361672e-33
ENSG00000029534	3.86545417100593e-33
ENSG00000185269	3.29712369091008e-33
ENSG00000173404	3.27903498180125e-33
ENSG00000167987	3.25300805601487e-33
ENSG00000141255	3.08153825037848e-33
ENSG00000102935	2.70644023703433e-33
ENSG00000078098	2.17419490418432e-33
ENSG00000081277	2.13228194286812e-33
ENSG00000121957	2.12056428848453e-33
ENSG00000164305	1.77954464698451e-33
ENSG00000154229	1.64650215664602e-33
ENSG00000173320	1.61179392203121e-33
ENSG00000122176	1.50561730738414e-33
ENSG00000126453	1.41190413208784e-33
ENSG00000152284	1.22989456099101e-33
ENSG00000138823	1.16510024209785e-33
ENSG00000187140	1.16133731822185e-33
ENSG00000112096	1.13995118592896e-33
ENSG00000278570	1.13206690008282e-33
ENSG00000143621	1.05395953727495e-33
ENSG00000162851	1.0348907052713e-33
ENSG00000185298	9.68251096933812e-34
ENSG00000168952	8.93549543399902e-34
ENSG00000106789	8.87025128335e-34
ENSG00000169035	8.72814337136351e-34
ENSG00000131037	8.27942594373196e-34
ENSG00000130305	8.09726380148455e-34
ENSG00000105669	6.86716120876189e-34
ENSG00000129038	6.78136189120844e-34
ENSG00000170608	6.57257813982383e-34
ENSG00000171302	5.79535499134477e-34
ENSG00000167244	5.5432416114111e-34
ENSG00000173175	5.49208032796961e-34
ENSG00000143612	5.29955509040659e-34
ENSG00000138336	4.85450131709168e-34
ENSG00000143977	4.71705124380213e-34
ENSG00000107338	4.65630391148874e-34
ENSG00000164828	4.43526891849977e-34
ENSG00000136026	4.32245914292616e-34
ENSG00000177084	3.72835493991747e-34
ENSG00000163510	3.61420307514094e-34
ENSG00000117362	3.47643745867496e-34
ENSG00000100985	3.23488746174616e-34
ENSG00000198574	2.92011436067801e-34
ENSG00000125820	2.89407996698885e-34
ENSG00000100485	2.82013566094507e-34
ENSG00000143418	2.8126601184543e-34
ENSG00000134569	2.80955787926711e-34
ENSG00000137177	2.79060145403794e-34
ENSG00000130299	2.62089509458283e-34
ENSG00000118017	2.46975223196824e-34
ENSG00000007541	2.42822839324278e-34
ENSG00000143569	2.3830229228582e-34
ENSG00000137285	2.07671171227424e-34
ENSG00000181638	2.03797241602491e-34
ENSG00000197142	2.00168053707503e-34
ENSG00000154099	1.9528742869781e-34
ENSG00000140263	1.653397444951e-34
ENSG00000123353	1.50351695423338e-34
ENSG00000197562	1.50188461564413e-34
ENSG00000171310	1.40201223976559e-34
ENSG00000146143	1.28401160717958e-34
ENSG00000143368	1.26565394614901e-34
ENSG00000277481	1.17449757328861e-34
ENSG00000146094	1.06294553753274e-34
ENSG00000009307	9.69994957376028e-35
ENSG00000172336	9.12451522022429e-35
ENSG00000169180	8.64809120844838e-35
ENSG00000118507	7.18324209158485e-35
ENSG00000163083	6.84909602798179e-35
ENSG00000178623	6.53293220775923e-35
ENSG00000143742	6.42130058082692e-35
ENSG00000103855	6.38627118989974e-35
ENSG00000154783	6.08825641944893e-35
ENSG00000175175	5.48143341039538e-35
ENSG00000116698	5.18449942500516e-35
ENSG00000117601	4.99287616517567e-35
ENSG00000196510	4.93239957400619e-35
ENSG00000121101	4.91321621736311e-35
ENSG00000135775	4.66842279297913e-35
ENSG00000121454	4.65532604475274e-35
ENSG00000205186	4.21322953802976e-35
ENSG00000168298	3.80015487945108e-35
ENSG00000162892	3.61762064471058e-35
ENSG00000137309	3.57907281147472e-35
ENSG00000204822	3.54278480108689e-35
ENSG00000096996	3.54274149337506e-35
ENSG00000013725	3.474399836181e-35
ENSG00000042753	3.01838319036516e-35
ENSG00000099937	2.9933069321187e-35
ENSG00000157368	2.87292411481179e-35
ENSG00000111087	2.8281664292508e-35
ENSG00000009790	2.64553908355494e-35
ENSG00000164776	2.43288508384492e-35
ENSG00000153044	2.40173061362218e-35
ENSG00000239961	2.30760948741347e-35
ENSG00000007174	2.30200201181738e-35
ENSG00000163803	1.99707303121952e-35
ENSG00000151490	1.96772381345236e-35
ENSG00000177455	1.96703619701702e-35
ENSG00000108639	1.67277574517652e-35
ENSG00000198650	1.47938265608169e-35
ENSG00000160803	1.36952822464999e-35
ENSG00000106077	1.31900122470996e-35
ENSG00000184840	1.27308647431011e-35
ENSG00000164082	1.09018913052653e-35
ENSG00000131652	1.05321375963685e-35
ENSG00000111716	9.96425631915325e-36
ENSG00000172159	9.15849981340415e-36
ENSG00000117139	9.12740178985974e-36
ENSG00000180340	8.17904483204648e-36
ENSG00000088356	7.63676548054351e-36
ENSG00000130762	7.585274470254e-36
ENSG00000184635	7.58461805274376e-36
ENSG00000116161	7.35656507435193e-36
ENSG00000143157	7.14140138502438e-36
ENSG00000120498	7.04299603209985e-36
ENSG00000165704	6.61157290571794e-36
ENSG00000009765	6.57775886968983e-36
ENSG00000040275	6.02380769415708e-36
ENSG00000169188	5.21410875809705e-36
ENSG00000033100	5.04905990326807e-36
ENSG00000167700	4.83088385241085e-36
ENSG00000140332	4.61346497652173e-36
ENSG00000146232	4.46585903802894e-36
ENSG00000065665	4.42873974540191e-36
ENSG00000105254	4.40933749846239e-36
ENSG00000170367	4.21354462267504e-36
ENSG00000181781	4.07343358480435e-36
ENSG00000115541	4.0228248904652e-36
ENSG00000113810	3.66060852848225e-36
ENSG00000145979	3.40439377856149e-36
ENSG00000170689	3.37200189451754e-36
ENSG00000108829	2.89254265693008e-36
ENSG00000185697	2.75621422476436e-36
ENSG00000109466	2.60276874464541e-36
ENSG00000197889	2.5003165448765e-36
ENSG00000182175	1.92458995856049e-36
ENSG00000162813	1.53257694787406e-36
ENSG00000133740	1.44077460168448e-36
ENSG00000146918	1.35432659841898e-36
ENSG00000066248	1.3485845188195e-36
ENSG00000244752	1.34621716013815e-36
ENSG00000164941	1.29228174769027e-36
ENSG00000107282	1.24070820560751e-36
ENSG00000133195	1.12972057093624e-36
ENSG00000196843	1.11276961422084e-36
ENSG00000205937	1.00314773443958e-36
ENSG00000128228	9.45591501372975e-37
ENSG00000178896	8.92865849694076e-37
ENSG00000179455	8.75267044697235e-37
ENSG00000165006	8.27368470829839e-37
ENSG00000163156	7.82918059067489e-37
ENSG00000100429	6.75854025150075e-37
ENSG00000146197	6.39101252692604e-37
ENSG00000142002	6.22008355069894e-37
ENSG00000139579	6.0452420958916e-37
ENSG00000161996	5.89478466040897e-37
ENSG00000130635	5.53487814926083e-37
ENSG00000152076	5.42764200704245e-37
ENSG00000171126	5.07830203550127e-37
ENSG00000119772	4.4240233064129e-37
ENSG00000162961	4.41059832011556e-37
ENSG00000067225	4.34105787018607e-37
ENSG00000197070	4.24266523774556e-37
ENSG00000198331	3.67651469958739e-37
ENSG00000174996	3.51621977281647e-37
ENSG00000154319	3.47999109681417e-37
ENSG00000181619	3.30438325256202e-37
ENSG00000131591	3.30260373677155e-37
ENSG00000079950	3.19910019386944e-37
ENSG00000197903	3.08809705226714e-37
ENSG00000105327	2.9961624606497e-37
ENSG00000163159	2.81160717708093e-37
ENSG00000127580	2.75733731373149e-37
ENSG00000105063	2.5022055386319e-37
ENSG00000197870	2.44126883297781e-37
ENSG00000072609	2.39559202409858e-37
ENSG00000187164	2.09542175092846e-37
ENSG00000055118	1.8529481713865e-37
ENSG00000106305	1.8471064110444e-37
ENSG00000171307	1.74064986889425e-37
ENSG00000013588	1.69709701876714e-37
ENSG00000273703	1.68983748416582e-37
ENSG00000183785	1.6585759817275e-37
ENSG00000090863	1.59085668838994e-37
ENSG00000101146	1.4666667877761e-37
ENSG00000157778	1.30959968901916e-37
ENSG00000137726	1.2578738886746e-37
ENSG00000184260	1.21620210087057e-37
ENSG00000196683	9.27954912965964e-38
ENSG00000102349	9.20816135613534e-38
ENSG00000173218	9.11559838094121e-38
ENSG00000249915	8.2299905263695e-38
ENSG00000143183	8.21916201389885e-38
ENSG00000115561	8.11708960917491e-38
ENSG00000175336	7.85771696311593e-38
ENSG00000169951	7.65312473082223e-38
ENSG00000103067	7.64216201311792e-38
ENSG00000243284	7.11488821862054e-38
ENSG00000139352	6.58615365322921e-38
ENSG00000188991	6.23213335955898e-38
ENSG00000167536	6.17191379984242e-38
ENSG00000172172	4.98402087203356e-38
ENSG00000167754	4.81487010598646e-38
ENSG00000214160	4.7891682091009e-38
ENSG00000203667	4.43784929682222e-38
ENSG00000148926	4.22862739206958e-38
ENSG00000170454	4.09229369938095e-38
ENSG00000118298	3.43014633695163e-38
ENSG00000102172	2.63483106371207e-38
ENSG00000159921	2.34639583908299e-38
ENSG00000169696	2.30135023138009e-38
ENSG00000169174	2.04909823679516e-38
ENSG00000048342	1.95892553251904e-38
ENSG00000254997	1.82723148118855e-38
ENSG00000169972	1.80855894192368e-38
ENSG00000136522	1.63193654253006e-38
ENSG00000145012	1.52411246778634e-38
ENSG00000187531	1.42766003922516e-38
ENSG00000163661	1.41316146555484e-38
ENSG00000125999	1.40877544166629e-38
ENSG00000111679	1.31305723074007e-38
ENSG00000097021	1.27439837307448e-38
ENSG00000134242	1.25607028943507e-38
ENSG00000182568	1.23002418322489e-38
ENSG00000102043	9.98941022343558e-39
ENSG00000163596	9.55519042240232e-39
ENSG00000182134	8.85851639356945e-39
ENSG00000139668	7.6181042626696e-39
ENSG00000181392	6.59900951667797e-39
ENSG00000113248	6.21814182646449e-39
ENSG00000185149	6.06129149401442e-39
ENSG00000205581	5.75704507217048e-39
ENSG00000112319	5.46432282256888e-39
ENSG00000035403	5.31699816568597e-39
ENSG00000143858	4.78633987162808e-39
ENSG00000187045	4.70883663714037e-39
ENSG00000157111	4.1973260766877e-39
ENSG00000126246	4.0560166982296e-39
ENSG00000213366	3.88388370356024e-39
ENSG00000166986	3.83862505194641e-39
ENSG00000163918	3.66254921846618e-39
ENSG00000133069	3.31747569625851e-39
ENSG00000172167	3.08598458954119e-39
ENSG00000052749	2.91142019245207e-39
ENSG00000186081	2.78439355173908e-39
ENSG00000102970	2.61906637312997e-39
ENSG00000181789	2.43478718891358e-39
ENSG00000141665	2.10129661585977e-39
ENSG00000131462	1.94459149175068e-39
ENSG00000025039	1.7710296373059e-39
ENSG00000107863	1.43397840374023e-39
ENSG00000171793	1.39631425193508e-39
ENSG00000184613	1.35467251639922e-39
ENSG00000137486	1.34240689560522e-39
ENSG00000149657	1.21644302772469e-39
ENSG00000188282	1.15137239980822e-39
ENSG00000163806	1.1462928433862e-39
ENSG00000106100	1.10115668851552e-39
ENSG00000089012	1.05507952522871e-39
ENSG00000051596	1.04476039245156e-39
ENSG00000144591	7.70651159109399e-40
ENSG00000196793	6.64401947764079e-40
ENSG00000189114	6.39356982692035e-40
ENSG00000075651	5.76238307348654e-40
ENSG00000170890	5.3401286002491e-40
ENSG00000091704	5.28939975970625e-40
ENSG00000073756	4.95614118937694e-40
ENSG00000166145	4.42935725997454e-40
ENSG00000186810	4.36209191670679e-40
ENSG00000169689	3.99323952552422e-40
ENSG00000170619	3.36175834324553e-40
ENSG00000180398	2.80380923065273e-40
ENSG00000091409	2.79034365963853e-40
ENSG00000175065	2.00386909673829e-40
ENSG00000100346	1.96669097836435e-40
ENSG00000205838	1.82737325833589e-40
ENSG00000143793	1.82120738612023e-40
ENSG00000186847	1.68258119973099e-40
ENSG00000177548	1.5660477182986e-40
ENSG00000182004	1.55537128683062e-40
ENSG00000120833	1.49337443769663e-40
ENSG00000105967	1.25206700141978e-40
ENSG00000157168	1.20722135974604e-40
ENSG00000103326	9.5625529083337e-41
ENSG00000187608	9.40122391355179e-41
ENSG00000177051	9.03644749087537e-41
ENSG00000162975	8.8856679930518e-41
ENSG00000130294	8.73023912263691e-41
ENSG00000104450	7.57896293471135e-41
ENSG00000163041	7.42135718978218e-41
ENSG00000117632	7.12922997699502e-41
ENSG00000127554	6.98187811291891e-41
ENSG00000100997	6.64806819870225e-41
ENSG00000005156	5.2543208213915e-41
ENSG00000263528	4.70773199000621e-41
ENSG00000100373	4.63467856234943e-41
ENSG00000167670	2.99810344948117e-41
ENSG00000135346	2.97058808265016e-41
ENSG00000115884	2.81980780852168e-41
ENSG00000163599	2.73725509391587e-41
ENSG00000143390	2.45360124363013e-41
ENSG00000134986	2.39684681447729e-41
ENSG00000014138	2.29820507253765e-41
ENSG00000101464	2.25030528535836e-41
ENSG00000105982	2.08898953512547e-41
ENSG00000034971	2.07870567601642e-41
ENSG00000158042	2.04957198249738e-41
ENSG00000184445	1.88738406735709e-41
ENSG00000100625	1.85136504803355e-41
ENSG00000138363	1.60151831324582e-41
ENSG00000153395	1.59515636077126e-41
ENSG00000164287	1.49894665872718e-41
ENSG00000176102	1.48921107289958e-41
ENSG00000111057	1.4354600316247e-41
ENSG00000106336	1.33356619531906e-41
ENSG00000107807	1.29857868842697e-41
ENSG00000164934	1.2618077940749e-41
ENSG00000172531	1.23528948604557e-41
ENSG00000004948	1.12240904552873e-41
ENSG00000006625	1.0604568832301e-41
ENSG00000116857	1.02074794185694e-41
ENSG00000176393	9.51357955707714e-42
ENSG00000103126	9.33055673996472e-42
ENSG00000247077	8.12194844609832e-42
ENSG00000076826	8.09470311269135e-42
ENSG00000104973	8.06628598414399e-42
ENSG00000184270	6.71039326160219e-42
ENSG00000169245	6.51929692243346e-42
ENSG00000205155	6.35791079341179e-42
ENSG00000130695	6.29452693313308e-42
ENSG00000080546	5.71103392662112e-42
ENSG00000123989	4.93408946452448e-42
ENSG00000014164	4.65799538233581e-42
ENSG00000184992	4.53818658691825e-42
ENSG00000136295	4.53742189286938e-42
ENSG00000187634	4.44484694239242e-42
ENSG00000136950	3.69663964612955e-42
ENSG00000172927	3.64981800452457e-42
ENSG00000121440	3.4375191175432e-42
ENSG00000125245	3.10930171934467e-42
ENSG00000113722	3.07184840170874e-42
ENSG00000072778	2.85574276967248e-42
ENSG00000122136	2.78663472842058e-42
ENSG00000131711	2.74913271874418e-42
ENSG00000184117	2.67759543557116e-42
ENSG00000169683	2.65834896639144e-42
ENSG00000105173	2.43194152114174e-42
ENSG00000180198	2.00030283325408e-42
ENSG00000025708	1.59170040300691e-42
ENSG00000128944	1.34851395659218e-42
ENSG00000030110	1.16745856797266e-42
ENSG00000151835	1.06704477984565e-42
ENSG00000169221	8.84559119247942e-43
ENSG00000167476	6.7689863985711e-43
ENSG00000102683	5.95238451858238e-43
ENSG00000129235	5.48146806906882e-43
ENSG00000171345	5.01831160949165e-43
ENSG00000126233	4.8927865590382e-43
ENSG00000167645	4.13938937641411e-43
ENSG00000109685	3.99340219789321e-43
ENSG00000138772	2.84759048091502e-43
ENSG00000049541	2.49120222471033e-43
ENSG00000155660	1.80090533751798e-43
ENSG00000144485	1.69817364676446e-43
ENSG00000149554	1.42189348562108e-43
ENSG00000185101	1.36418345558797e-43
ENSG00000225614	1.34581673967012e-43
ENSG00000116985	1.14746174127907e-43
ENSG00000108688	1.09376991647609e-43
ENSG00000140545	1.02736546705612e-43
ENSG00000164466	8.6380603075092e-44
ENSG00000101199	8.6262853701533e-44
ENSG00000168081	7.09555473845179e-44
ENSG00000198814	6.52593664556356e-44
ENSG00000162959	6.45154443342705e-44
ENSG00000173171	6.01297914742148e-44
ENSG00000144366	6.00999200183966e-44
ENSG00000169783	5.33472637153487e-44
ENSG00000141526	4.94048501827101e-44
ENSG00000154473	4.69531278246159e-44
ENSG00000175279	4.56729382891795e-44
ENSG00000136908	3.50758591686337e-44
ENSG00000142235	2.98948278589825e-44
ENSG00000129991	2.93230366249976e-44
ENSG00000188827	2.80106171522315e-44
ENSG00000086232	2.61275702190394e-44
ENSG00000126768	2.5076084436562e-44
ENSG00000149679	2.4290251748527e-44
ENSG00000101189	1.58427818480901e-44
ENSG00000106049	1.52744485464887e-44
ENSG00000175215	1.52588511744267e-44
ENSG00000105409	1.41537732741264e-44
ENSG00000160223	1.22939578723571e-44
ENSG00000130475	1.18502903275814e-44
ENSG00000213551	1.12636854703877e-44
ENSG00000165724	9.40130828512007e-45
ENSG00000145911	9.02670555353241e-45
ENSG00000066923	8.94079115039931e-45
ENSG00000142252	8.65108930271709e-45
ENSG00000115233	8.40961791149901e-45
ENSG00000152102	7.39409454330949e-45
ENSG00000135074	7.35497369909988e-45
ENSG00000186907	6.83255376696787e-45
ENSG00000160785	6.7873250107488e-45
ENSG00000105141	6.49995974211147e-45
ENSG00000089639	6.35822002544922e-45
ENSG00000004478	5.89288619703137e-45
ENSG00000198018	3.98738799863695e-45
ENSG00000143106	3.78899129127706e-45
ENSG00000130816	3.61511013812578e-45
ENSG00000149636	3.47659660777664e-45
ENSG00000104866	3.26496330265347e-45
ENSG00000184363	2.98419127049435e-45
ENSG00000168476	2.63210352592648e-45
ENSG00000160404	2.60274036358033e-45
ENSG00000101213	2.22250012260706e-45
ENSG00000189058	2.21819072247134e-45
ENSG00000185272	1.78758120269656e-45
ENSG00000125780	1.5673368241739e-45
ENSG00000048140	1.47809373740246e-45
ENSG00000172244	1.30981944364811e-45
ENSG00000198554	1.26019445585474e-45
ENSG00000132031	1.16510036225214e-45
ENSG00000078401	1.07345151416373e-45
ENSG00000128285	8.79426423271574e-46
ENSG00000037241	7.8094299258278e-46
ENSG00000143373	6.44312740554379e-46
ENSG00000138964	6.20720522405894e-46
ENSG00000163013	6.1040574832008e-46
ENSG00000170917	5.75060853354742e-46
ENSG00000143473	5.50833588687169e-46
ENSG00000092470	4.52673846511375e-46
ENSG00000132688	4.42428739037233e-46
ENSG00000131242	4.1451032738625e-46
ENSG00000159055	3.9092738079562e-46
ENSG00000167208	3.88922769008298e-46
ENSG00000058335	3.87883326332294e-46
ENSG00000116833	3.68226497066643e-46
ENSG00000126351	3.45170894723036e-46
ENSG00000179750	3.3751955240199e-46
ENSG00000161179	3.35159020263624e-46
ENSG00000132026	3.32944789439662e-46
ENSG00000105366	3.19746540002659e-46
ENSG00000103710	2.98437267211894e-46
ENSG00000159259	2.80606984271456e-46
ENSG00000180535	2.50919882493451e-46
ENSG00000128564	2.45035752293034e-46
ENSG00000033011	1.76549293693798e-46
ENSG00000078399	1.37290058868481e-46
ENSG00000173267	1.33411205304248e-46
ENSG00000183161	9.25700633100011e-47
ENSG00000123095	8.26873022466614e-47
ENSG00000028528	8.03161868468515e-47
ENSG00000119888	7.81000631162556e-47
ENSG00000087088	4.44572907709704e-47
ENSG00000101871	4.35888731338428e-47
ENSG00000166148	3.83392267527602e-47
ENSG00000108821	3.28448232094393e-47
ENSG00000099957	2.80558804167256e-47
ENSG00000118971	2.76289492665681e-47
ENSG00000163472	2.54917672083894e-47
ENSG00000183067	2.39569303491317e-47
ENSG00000171433	2.29393044367275e-47
ENSG00000132676	2.23807804061223e-47
ENSG00000139292	1.86931089612345e-47
ENSG00000198909	1.8465511465946e-47
ENSG00000118777	1.80053978551082e-47
ENSG00000122565	1.67686508911282e-47
ENSG00000158055	1.05849148528989e-47
ENSG00000196684	5.07472175155772e-48
ENSG00000213024	4.99416623657884e-48
ENSG00000064547	4.8199351241616e-48
ENSG00000171700	4.27822957937533e-48
ENSG00000012124	3.90956116276163e-48
ENSG00000102858	3.85111739613609e-48
ENSG00000105695	2.31999153359798e-48
ENSG00000130204	2.21730265400159e-48
ENSG00000115138	1.81023799024873e-48
ENSG00000253873	1.70900997599368e-48
ENSG00000109819	1.54364585256555e-48
ENSG00000104880	1.51213139248069e-48
ENSG00000005471	1.39850769792113e-48
ENSG00000006634	1.19861657906281e-48
ENSG00000097046	1.01837111505209e-48
ENSG00000130827	9.67498125823283e-49
ENSG00000071553	8.26435315317346e-49
ENSG00000170684	6.21170024694417e-49
ENSG00000138376	5.43976131156466e-49
ENSG00000149557	5.22371932382874e-49
ENSG00000127743	5.20948679252409e-49
ENSG00000178093	5.15495984531362e-49
ENSG00000151364	4.84275484767003e-49
ENSG00000110786	4.47550162615945e-49
ENSG00000118640	3.98394603131152e-49
ENSG00000128573	3.89838917475325e-49
ENSG00000178966	3.24975571754401e-49
ENSG00000105726	2.05958523502806e-49
ENSG00000159723	1.60913532098925e-49
ENSG00000147689	1.60194347062463e-49
ENSG00000148680	1.46218252510029e-49
ENSG00000170421	1.41753821472686e-49
ENSG00000146021	1.41258325766031e-49
ENSG00000175899	1.22386089573886e-49
ENSG00000011422	1.0939787596151e-49
ENSG00000140650	7.17053016027092e-50
ENSG00000156076	5.62882530077845e-50
ENSG00000205213	4.91529941318647e-50
ENSG00000101811	4.83059209771997e-50
ENSG00000179218	4.33408329888832e-50
ENSG00000162551	4.15260870680349e-50
ENSG00000136854	4.03583229058157e-50
ENSG00000089692	3.44631656319737e-50
ENSG00000152467	3.4226452517336e-50
ENSG00000162188	3.22600238836293e-50
ENSG00000137672	2.91330709812198e-50
ENSG00000117308	2.22752767546682e-50
ENSG00000188883	2.22096886932766e-50
ENSG00000136286	1.70191296513714e-50
ENSG00000092820	1.61065937468596e-50
ENSG00000095380	1.49345396777166e-50
ENSG00000077235	1.47091112958349e-50
ENSG00000129173	1.3040767763418e-50
ENSG00000140718	8.03103887093643e-51
ENSG00000106683	6.8000620611427e-51
ENSG00000171243	6.74784796023124e-51
ENSG00000180992	6.0657446273404e-51
ENSG00000143633	5.47525526234129e-51
ENSG00000059573	4.99166589623272e-51
ENSG00000158477	4.44751108700075e-51
ENSG00000174306	3.93017337681511e-51
ENSG00000198807	3.86405691887429e-51
ENSG00000130427	3.70368998477565e-51
ENSG00000174943	3.13001462718109e-51
ENSG00000092421	2.85008069604437e-51
ENSG00000183775	2.82249249227993e-51
ENSG00000138759	2.81326672255812e-51
ENSG00000134775	2.71149270775052e-51
ENSG00000183813	2.33854838685125e-51
ENSG00000164756	2.25494116262985e-51
ENSG00000168393	2.23551813175748e-51
ENSG00000143374	2.17116388209739e-51
ENSG00000138795	1.74817725706217e-51
ENSG00000163348	1.48850683334973e-51
ENSG00000130669	1.33311452230659e-51
ENSG00000180035	1.21464450381843e-51
ENSG00000117877	1.20877834463349e-51
ENSG00000108813	1.10552353911393e-51
ENSG00000176887	1.06348414931619e-51
ENSG00000160113	9.59728443944377e-52
ENSG00000049283	7.41036036240932e-52
ENSG00000105289	5.08924652067827e-52
ENSG00000090971	4.27258489133876e-52
ENSG00000116128	3.89032090443257e-52
ENSG00000127616	3.52465725262174e-52
ENSG00000135823	3.38931019335074e-52
ENSG00000163376	3.37650433613973e-52
ENSG00000105738	3.11208180600959e-52
ENSG00000156802	3.02283654385882e-52
ENSG00000223572	2.87142540164722e-52
ENSG00000125898	2.70037611918942e-52
ENSG00000163882	2.65341451377567e-52
ENSG00000074071	2.18888935265222e-52
ENSG00000105610	1.56664066906208e-52
ENSG00000182272	1.41516570060048e-52
ENSG00000198569	1.37368857748461e-52
ENSG00000108518	1.32169451937402e-52
ENSG00000057593	9.89936741906546e-53
ENSG00000205089	9.74558584808896e-53
ENSG00000205358	9.74558584808896e-53
ENSG00000132646	9.37410617466496e-53
ENSG00000125835	8.99106414431271e-53
ENSG00000163600	6.31457345486204e-53
ENSG00000138092	6.21838339481785e-53
ENSG00000169962	5.09233303938591e-53
ENSG00000105388	4.9912989958757e-53
ENSG00000166619	4.39716244758008e-53
ENSG00000134594	3.73388898092822e-53
ENSG00000136108	3.37189256432598e-53
ENSG00000019505	3.12708383845384e-53
ENSG00000140450	2.31243579201652e-53
ENSG00000067836	2.17988006764781e-53
ENSG00000182173	1.36238086893494e-53
ENSG00000158850	1.30796430861785e-53
ENSG00000137709	8.20913470636695e-54
ENSG00000117122	4.69778348397725e-54
ENSG00000157734	4.27542449687831e-54
ENSG00000161036	3.24558447898559e-54
ENSG00000104738	3.15657905362957e-54
ENSG00000162891	2.63606753212217e-54
ENSG00000188886	2.43496085928076e-54
ENSG00000205403	2.2428320079063e-54
ENSG00000179958	1.66230217424168e-54
ENSG00000143294	1.6438991887923e-54
ENSG00000179148	1.47902992806352e-54
ENSG00000176619	1.34856158871912e-54
ENSG00000124243	1.1853525977184e-54
ENSG00000179168	1.14243109029846e-54
ENSG00000157766	8.72783898556665e-55
ENSG00000196873	8.49514146353938e-55
ENSG00000167371	7.47943508723031e-55
ENSG00000043355	6.72669807737183e-55
ENSG00000106638	6.35900718286441e-55
ENSG00000122420	6.34124026623585e-55
ENSG00000181544	6.14979767180458e-55
ENSG00000170779	4.40417563673571e-55
ENSG00000073111	3.97229015897007e-55
ENSG00000167535	3.04444269284702e-55
ENSG00000184207	2.87280628429057e-55
ENSG00000176208	2.67733932560182e-55
ENSG00000123136	2.66586838316708e-55
ENSG00000157933	2.41170367524358e-55
ENSG00000147614	2.36137691970711e-55
ENSG00000197168	2.04738082509123e-55
ENSG00000132196	1.86397784590226e-55
ENSG00000168490	1.83976458252519e-55
ENSG00000146755	1.15694053651406e-55
ENSG00000143367	1.0130475043286e-55
ENSG00000131153	5.76960887591553e-56
ENSG00000163554	5.6071870141096e-56
ENSG00000176884	5.08964190490391e-56
ENSG00000116586	3.03258527362841e-56
ENSG00000167553	2.54308241826597e-56
ENSG00000115009	2.35333977079206e-56
ENSG00000101255	2.22879083649666e-56
ENSG00000182325	1.74294607830199e-56
ENSG00000134853	1.46010565566307e-56
ENSG00000156873	1.42390844962196e-56
ENSG00000143799	1.36493570159842e-56
ENSG00000110944	1.27826920770442e-56
ENSG00000188878	8.71679497440113e-57
ENSG00000050438	6.91464702972443e-57
ENSG00000144668	6.75806307286912e-57
ENSG00000117152	5.95170618949975e-57
ENSG00000125845	5.00232150993015e-57
ENSG00000127586	4.80184560081034e-57
ENSG00000105486	3.74464464406317e-57
ENSG00000144730	3.32227619978331e-57
ENSG00000167550	2.9193544752192e-57
ENSG00000160293	2.47968984907427e-57
ENSG00000120334	2.3629785616629e-57
ENSG00000203896	2.12706391071908e-57
ENSG00000143851	2.09813276770706e-57
ENSG00000117262	1.32379088358293e-57
ENSG00000065911	1.21180780408567e-57
ENSG00000082458	9.22911987853509e-58
ENSG00000168496	8.16429815711484e-58
ENSG00000076554	7.58390969325415e-58
ENSG00000110693	6.88039889372934e-58
ENSG00000167977	6.84130730347186e-58
ENSG00000114859	6.71776962982973e-58
ENSG00000176890	4.93336682798226e-58
ENSG00000197451	4.80402884443679e-58
ENSG00000128886	3.83235360580107e-58
ENSG00000105699	2.95835485224917e-58
ENSG00000174442	2.55656581972329e-58
ENSG00000158445	2.35112540832983e-58
ENSG00000158373	1.77014235890665e-58
ENSG00000143512	1.39502688544298e-58
ENSG00000157193	9.73444073816236e-59
ENSG00000106367	7.10851113779621e-59
ENSG00000239672	5.30662437171674e-59
ENSG00000066044	4.20853981673175e-59
ENSG00000135903	3.70775565901871e-59
ENSG00000143450	2.46628195005169e-59
ENSG00000167880	7.66767730857709e-60
ENSG00000204179	6.57136507793492e-60
ENSG00000172757	6.41333440022989e-60
ENSG00000040608	6.28897830627546e-60
ENSG00000006118	5.36912210266626e-60
ENSG00000196976	3.2717550259722e-60
ENSG00000143319	2.86046605479015e-60
ENSG00000186283	2.57297904523149e-60
ENSG00000127578	2.22552486152271e-60
ENSG00000141582	2.22291778579086e-60
ENSG00000141570	2.07095832743826e-60
ENSG00000132698	1.92185881456919e-60
ENSG00000143321	1.65849207015566e-60
ENSG00000075891	1.49665038488456e-60
ENSG00000134256	1.32568497455689e-60
ENSG00000029993	1.20704946458403e-60
ENSG00000152213	1.14572494217896e-60
ENSG00000198010	1.06121991028527e-60
ENSG00000141696	8.65127216334328e-61
ENSG00000181847	7.84013459136787e-61
ENSG00000168939	6.96955045062585e-61
ENSG00000250722	5.64542212730555e-61
ENSG00000088305	5.46135886333487e-61
ENSG00000079156	4.02410059980682e-61
ENSG00000136811	3.04819299341777e-61
ENSG00000167191	2.60044727582619e-61
ENSG00000076944	2.08524894394772e-61
ENSG00000143921	1.96836131718527e-61
ENSG00000074276	1.94839727154147e-61
ENSG00000107186	1.26107785871905e-61
ENSG00000129657	1.22452768885695e-61
ENSG00000000460	1.1735569755304e-61
ENSG00000101294	1.15415447770272e-61
ENSG00000179841	8.71038159933003e-62
ENSG00000163382	7.72855211589017e-62
ENSG00000177542	6.80345800592972e-62
ENSG00000107159	6.62206395205459e-62
ENSG00000027869	4.90296114178545e-62
ENSG00000099364	2.31953951521401e-62
ENSG00000130037	2.17761193050868e-62
ENSG00000099769	1.46267037972235e-62
ENSG00000188783	1.33198928728859e-62
ENSG00000173868	1.11769186229832e-62
ENSG00000160801	8.30684755141573e-63
ENSG00000176058	7.48218838345257e-63
ENSG00000143748	6.7225897889861e-63
ENSG00000167642	6.52963401433738e-63
ENSG00000090530	5.73782785376135e-63
ENSG00000188486	4.7593629505168e-63
ENSG00000143382	4.54665811012398e-63
ENSG00000165953	4.29765041176104e-63
ENSG00000166557	2.36058863451277e-63
ENSG00000123352	1.60878603690172e-63
ENSG00000163357	1.42889913022442e-63
ENSG00000198053	1.11920236877709e-63
ENSG00000160973	8.4109407714489e-64
ENSG00000104549	5.75497918018908e-64
ENSG00000107731	5.40676579855902e-64
ENSG00000017483	4.62005627179177e-64
ENSG00000129354	4.56934300896601e-64
ENSG00000127191	4.49028236643414e-64
ENSG00000115414	3.33372176156055e-64
ENSG00000183734	2.95752199296823e-64
ENSG00000117148	2.67694895929437e-64
ENSG00000164885	2.36072818303655e-64
ENSG00000135363	1.4139727346485e-64
ENSG00000203867	1.02403237297746e-64
ENSG00000140623	7.94197155104284e-65
ENSG00000188092	7.60494084986727e-65
ENSG00000133665	6.37955970952106e-65
ENSG00000168824	4.25488174359917e-65
ENSG00000117155	4.00460725498664e-65
ENSG00000183763	3.81384561897444e-65
ENSG00000077935	2.8471346611441e-65
ENSG00000196159	1.27054569490362e-65
ENSG00000105976	1.11302382240426e-65
ENSG00000185420	1.08122031768183e-65
ENSG00000164136	7.49170367926562e-66
ENSG00000186583	6.43014534191803e-66
ENSG00000138379	5.9860482544328e-66
ENSG00000160688	4.3370548408013e-66
ENSG00000154928	4.30194128029038e-66
ENSG00000139725	4.01876717123418e-66
ENSG00000164032	3.33683010446287e-66
ENSG00000170439	3.26688440446943e-66
ENSG00000149927	2.75474320911388e-66
ENSG00000141519	2.27001270555891e-66
ENSG00000158106	2.16648643557551e-66
ENSG00000131944	1.87032564095536e-66
ENSG00000134375	9.88420646386658e-67
ENSG00000173482	7.31530531588435e-67
ENSG00000111247	7.26588964461656e-67
ENSG00000172061	7.09233243290746e-67
ENSG00000149923	6.10562744628596e-67
ENSG00000189056	5.86959714570058e-67
ENSG00000177602	5.11593987570702e-67
ENSG00000103495	4.85957964577724e-67
ENSG00000169621	4.37713784305085e-67
ENSG00000144554	3.99622362162258e-67
ENSG00000116711	3.88493213159904e-67
ENSG00000105894	3.04958966333597e-67
ENSG00000184304	2.48197499895468e-67
ENSG00000163468	2.31777476749881e-67
ENSG00000167461	1.93041010757653e-67
ENSG00000175130	1.72929820769371e-67
ENSG00000105963	6.66471877753935e-68
ENSG00000164109	6.22677989793215e-68
ENSG00000134222	5.46053004122604e-68
ENSG00000105613	5.26454956399685e-68
ENSG00000134138	3.75542035523933e-68
ENSG00000011590	3.47626068949368e-68
ENSG00000130520	2.572076919094e-68
ENSG00000128045	1.47083348497399e-68
ENSG00000111602	1.17925449121713e-68
ENSG00000165409	8.96024974114823e-69
ENSG00000104490	6.32097373092115e-69
ENSG00000183479	4.55789001492099e-69
ENSG00000079102	3.58418465196566e-69
ENSG00000101412	1.83515173996901e-69
ENSG00000152527	1.56658583741881e-69
ENSG00000070601	1.14089542701627e-69
ENSG00000071539	1.13428371326268e-69
ENSG00000161980	1.0441933848202e-69
ENSG00000173530	9.90192232497733e-70
ENSG00000143493	9.87805842174423e-70
ENSG00000183971	2.94632998028728e-70
ENSG00000114346	2.47471344241151e-70
ENSG00000241484	1.24893554108537e-70
ENSG00000161800	9.57583891406847e-71
ENSG00000254986	8.7186674711533e-71
ENSG00000117410	7.38841622052491e-71
ENSG00000163017	3.85742654351902e-71
ENSG00000143761	2.49334502023915e-71
ENSG00000121905	1.45777733893895e-71
ENSG00000105464	1.1292189028848e-71
ENSG00000108106	6.15739347649368e-72
ENSG00000162490	5.44236220864441e-72
ENSG00000153162	1.47885786210492e-72
ENSG00000137101	1.20293340295811e-72
ENSG00000061656	1.04456599218093e-72
ENSG00000128203	5.50954686369676e-73
ENSG00000104369	4.33707683699825e-73
ENSG00000162769	3.62889785801313e-73
ENSG00000101057	2.58057782991352e-73
ENSG00000009724	4.30034949188992e-74
ENSG00000115295	3.90536116630358e-74
ENSG00000163993	3.55415017427787e-74
ENSG00000186564	2.14564671790683e-74
ENSG00000165209	1.73107906100012e-74
ENSG00000138131	1.33854712125355e-74
ENSG00000103269	1.22006573230872e-74
ENSG00000079616	1.09792128174042e-74
ENSG00000131018	6.91996257568955e-75
ENSG00000144136	6.90194668312197e-75
ENSG00000083067	3.96405649513133e-75
ENSG00000152086	3.37576466132677e-75
ENSG00000073350	1.820661275162e-75
ENSG00000106689	5.58097968822265e-76
ENSG00000172201	4.50157769365546e-76
ENSG00000121211	2.77171367492069e-76
ENSG00000004838	1.69090934060048e-76
ENSG00000144857	1.23458740216973e-76
ENSG00000185518	1.13169716588841e-76
ENSG00000140525	8.30451055155736e-77
ENSG00000004468	4.31651689673794e-77
ENSG00000184937	3.76460524980264e-77
ENSG00000104889	2.87156653585828e-77
ENSG00000160753	6.00182827279263e-78
ENSG00000132010	2.79014671372679e-78
ENSG00000006704	2.15292890084074e-78
ENSG00000182492	8.36814514523456e-79
ENSG00000163507	4.9053804716963e-79
ENSG00000163623	4.27146874488591e-79
ENSG00000133466	2.45206949034974e-79
ENSG00000106809	1.99861651671406e-79
ENSG00000261456	1.95386292977561e-79
ENSG00000258839	9.76874727094346e-80
ENSG00000068489	5.06191981070341e-80
ENSG00000182791	4.36967007386244e-80
ENSG00000131096	3.11792186612211e-80
ENSG00000105664	2.679864590099e-81
ENSG00000074211	1.76983727370266e-81
ENSG00000198774	1.30259131957305e-81
ENSG00000145681	1.29338256055671e-81
ENSG00000129654	1.11197929409291e-81
ENSG00000140092	4.45511814165738e-82
ENSG00000147536	2.5153354989491e-82
ENSG00000184357	2.36889827338397e-82
ENSG00000144395	1.03110473279846e-82
ENSG00000058404	6.39450603680363e-83
ENSG00000141294	3.53134344720537e-83
ENSG00000178773	1.84204532621769e-83
ENSG00000139714	1.06555857752135e-83
ENSG00000154370	5.60006522777949e-84
ENSG00000167207	1.99304533984528e-84
ENSG00000145386	1.8488953279094e-84
ENSG00000106089	1.1959445224657e-84
ENSG00000124334	9.33268735433325e-85
ENSG00000153898	7.21521077427822e-85
ENSG00000198901	3.86204228355365e-85
ENSG00000162063	2.46636178049891e-85
ENSG00000183155	1.97920099220432e-85
ENSG00000160781	1.95233055895954e-85
ENSG00000151725	1.80483048219059e-85
ENSG00000003436	1.42144263988123e-85
ENSG00000091513	5.67010531773184e-86
ENSG00000151687	4.08530746722285e-86
ENSG00000102100	2.75914921577076e-86
ENSG00000100526	8.34045844156342e-87
ENSG00000134201	7.80901407572891e-87
ENSG00000198937	4.84741973719804e-87
ENSG00000010030	2.02316748805604e-87
ENSG00000117399	9.39838414166874e-88
ENSG00000117586	8.06723202337499e-88
ENSG00000233822	7.33266639299241e-88
ENSG00000167105	6.51313988205436e-88
ENSG00000181722	6.35488836922485e-88
ENSG00000160957	3.00984302500906e-88
ENSG00000151012	2.94286865145078e-88
ENSG00000165495	2.04315113343713e-88
ENSG00000169248	8.97035741756959e-89
ENSG00000013810	4.24980705033426e-89
ENSG00000144061	2.59321226980573e-89
ENSG00000087586	2.35067307521251e-89
ENSG00000234906	1.57941307724936e-89
ENSG00000145194	8.2329241850338e-90
ENSG00000164283	3.38656798827311e-90
ENSG00000197275	2.62940092748716e-90
ENSG00000160868	2.55797279066204e-91
ENSG00000132182	1.50864544336953e-91
ENSG00000140534	8.10115227257634e-92
ENSG00000146648	1.72453704916154e-92
ENSG00000076382	1.03859766353134e-92
ENSG00000175643	4.6110390940787e-93
ENSG00000134690	1.97697502049769e-93
ENSG00000160877	1.79565708340493e-93
ENSG00000073734	1.67296555464134e-93
ENSG00000157456	1.46700225952178e-93
ENSG00000197272	1.27726096169422e-93
ENSG00000187741	9.46226414494505e-94
ENSG00000166670	9.27871231163078e-94
ENSG00000128918	8.85993235647445e-94
ENSG00000159184	3.78147347127892e-94
ENSG00000101222	3.37318634776352e-94
ENSG00000133030	1.9473924982511e-94
ENSG00000138160	1.80003453509285e-94
ENSG00000164620	1.12725799514487e-94
ENSG00000167964	8.41059023707757e-95
ENSG00000121410	7.33956659959474e-95
ENSG00000175305	7.60648361002497e-96
ENSG00000128011	5.14442149122333e-96
ENSG00000099822	4.08382773310331e-96
ENSG00000167549	1.14035039354559e-96
ENSG00000100154	8.61616797114287e-97
ENSG00000164045	8.50440348513528e-97
ENSG00000216490	6.98010856699115e-97
ENSG00000087085	5.0591481365036e-97
ENSG00000106462	2.87003050135109e-97
ENSG00000186891	9.18510275247315e-98
ENSG00000164161	4.78613677127031e-98
ENSG00000147257	2.72256618907911e-98
ENSG00000113368	1.5075787484561e-98
ENSG00000131747	1.27586476847236e-98
ENSG00000085840	1.03039086201672e-98
ENSG00000101850	9.75092092574553e-99
ENSG00000107105	8.86770107361127e-99
ENSG00000164611	7.24292860817566e-99
ENSG00000095752	5.80961161070192e-99
ENSG00000101441	5.72268270452443e-99
ENSG00000213347	4.78731967587591e-100
ENSG00000185010	4.02150966343377e-100
ENSG00000122641	7.86655070699965e-101
ENSG00000162814	7.15118033024249e-102
ENSG00000134057	4.2392643988621e-102
ENSG00000150750	2.52186949569137e-102
ENSG00000113648	1.48601081279941e-102
ENSG00000171885	7.01212272451124e-103
ENSG00000102384	3.56941414475365e-103
ENSG00000078596	3.26649976319639e-103
ENSG00000008735	2.71880199286206e-103
ENSG00000091651	1.76601008450433e-103
ENSG00000118526	1.60258707194605e-103
ENSG00000177202	4.47751644661734e-104
ENSG00000011332	3.84499818498399e-104
ENSG00000206561	2.49058443374157e-104
ENSG00000112246	2.06989170863627e-104
ENSG00000154065	1.16029535184748e-104
ENSG00000122952	3.89369798758683e-105
ENSG00000188624	2.42808170128285e-105
ENSG00000204991	1.56892444043425e-105
ENSG00000113448	8.64099697495501e-106
ENSG00000124575	7.98156708369303e-106
ENSG00000167900	5.08034883098251e-106
ENSG00000152056	4.84188644255616e-106
ENSG00000275713	3.46101033017788e-106
ENSG00000170312	7.73112783257931e-107
ENSG00000139618	2.84939082147853e-107
ENSG00000141527	8.49152243327106e-108
ENSG00000139572	7.09330267704286e-110
ENSG00000085999	4.95602397098863e-110
ENSG00000127588	4.63546436857042e-110
ENSG00000139890	2.18773944070726e-110
ENSG00000179546	1.78502063150669e-110
ENSG00000105647	1.16040890766674e-110
ENSG00000117724	6.18225354908307e-111
ENSG00000123364	5.27299219640529e-111
ENSG00000088325	3.24619759994005e-111
ENSG00000203814	1.34390278542296e-111
ENSG00000109255	8.54449411790524e-112
ENSG00000171241	7.40853442712065e-112
ENSG00000008300	6.2444470599539e-112
ENSG00000142494	3.26883838733185e-112
ENSG00000164047	3.19411478767429e-112
ENSG00000139734	3.15415373184986e-112
ENSG00000167641	1.78698492917529e-112
ENSG00000175063	4.13404719161469e-113
ENSG00000077152	2.67855938221703e-113
ENSG00000136492	6.82251645687225e-114
ENSG00000196584	4.78565433912129e-114
ENSG00000197299	6.76685978006821e-115
ENSG00000123975	2.31375464615624e-115
ENSG00000185130	1.20688455756491e-115
ENSG00000152969	7.16989389072459e-116
ENSG00000149380	1.01321587469652e-116
ENSG00000183010	5.02096740966236e-117
ENSG00000170122	1.57259570898879e-117
ENSG00000137804	2.86707405104682e-118
ENSG00000137825	4.30290464156507e-119
ENSG00000065328	3.11527397144463e-119
ENSG00000169860	1.26404570115683e-119
ENSG00000184661	5.44112471047457e-120
ENSG00000138829	2.76003006620688e-121
ENSG00000196866	4.76686077457678e-122
ENSG00000101003	2.33563152222687e-122
ENSG00000094804	2.65028621560699e-123
ENSG00000125508	1.72280876482947e-123
ENSG00000106511	8.70411347862152e-124
ENSG00000079462	4.24436726469798e-126
ENSG00000186638	1.8789539736931e-126
ENSG00000121621	5.64615582943133e-127
ENSG00000154920	2.18765585447509e-128
ENSG00000166573	4.55534707804801e-129
ENSG00000142731	2.38713254872396e-129
ENSG00000171848	2.11053350604048e-129
ENSG00000049768	1.28724883910933e-130
ENSG00000051180	2.73666795806597e-131
ENSG00000100479	1.72923253449695e-131
ENSG00000150337	4.29461976429688e-132
ENSG00000049249	3.11808464885998e-132
ENSG00000167646	2.71258429786404e-132
ENSG00000123473	1.66660671165302e-132
ENSG00000015413	1.33471759668514e-132
ENSG00000148053	7.15690486113548e-133
ENSG00000169258	4.08515490312803e-134
ENSG00000138778	3.93530561269577e-135
ENSG00000128408	1.6486804669414e-135
ENSG00000163545	8.81854591518106e-137
ENSG00000167749	3.38217591755807e-137
ENSG00000178999	3.26470131422349e-138
ENSG00000112742	1.38135323355161e-138
ENSG00000167513	4.66871876717061e-139
ENSG00000131187	3.85044671526652e-139
ENSG00000093009	9.36042834904442e-140
ENSG00000167971	6.67595350030799e-140
ENSG00000204866	1.58369941905194e-140
ENSG00000179934	1.27436991734084e-140
ENSG00000115163	7.61417224854613e-141
ENSG00000123219	4.74984486992285e-142
ENSG00000011426	3.0774235414493e-142
ENSG00000146670	7.89805235897143e-143
ENSG00000109805	3.72666198427034e-143
ENSG00000198756	1.27795724670115e-143
ENSG00000167210	5.16580967918087e-144
ENSG00000160949	3.12325786801958e-144
ENSG00000122966	7.82813440391773e-145
ENSG00000258947	2.79763836971544e-146
ENSG00000115507	2.0382429707695e-146
ENSG00000182463	9.12656044499591e-147
ENSG00000198838	6.74194695262173e-148
ENSG00000111206	7.38108261814438e-149
ENSG00000117407	4.89399927437896e-149
ENSG00000080986	1.94350892475486e-149
ENSG00000121594	1.25035496733364e-151
ENSG00000111665	4.85052945102103e-152
ENSG00000165474	1.1930329317218e-152
ENSG00000274290	3.63426929821183e-153
ENSG00000189057	5.71420650232492e-154
ENSG00000165480	4.9171631828066e-154
ENSG00000196611	3.41942097386797e-154
ENSG00000075218	3.66042930569068e-155
ENSG00000162849	2.67304163381839e-156
ENSG00000100162	5.15122571170926e-157
ENSG00000119969	6.2089404276985e-159
ENSG00000148773	8.28412407714776e-161
ENSG00000166851	1.41808789566226e-161
ENSG00000092853	1.97615633704046e-162
ENSG00000072571	8.24760690608736e-163
ENSG00000106327	3.14739273507949e-163
ENSG00000161888	1.01773336431711e-163
ENSG00000142945	6.50291388769424e-164
ENSG00000112984	3.61732705177149e-164
ENSG00000127561	4.2539588357638e-165
ENSG00000121152	2.0427274013199e-165
ENSG00000101447	4.71127957062317e-166
ENSG00000167968	2.30591469248554e-169
ENSG00000135476	1.87274249594798e-169
ENSG00000138180	7.17471165866243e-170
ENSG00000024526	4.94847791812935e-170
ENSG00000274641	4.71653244188726e-170
ENSG00000165304	1.92144278442605e-170
ENSG00000187730	5.36621252720296e-171
ENSG00000182255	3.83769911067125e-171
ENSG00000168078	1.59971456872088e-171
ENSG00000170965	6.8548235680173e-173
ENSG00000137807	7.6527890225616e-174
ENSG00000143476	5.64157756855125e-176
ENSG00000101115	9.79326069594242e-177
ENSG00000174371	5.30122961653498e-178
ENSG00000156970	4.55054235601521e-180
ENSG00000143228	1.4970188230262e-181
ENSG00000124507	1.19433491100776e-181
ENSG00000126787	2.88703856724257e-182
ENSG00000089685	1.88921475247685e-182
ENSG00000169679	9.54833124093094e-184
ENSG00000115687	5.74592229920529e-189
ENSG00000213186	1.99680902918404e-189
ENSG00000115718	1.64784857684351e-189
ENSG00000103522	7.30555482391285e-193
ENSG00000135451	1.54090144298199e-193
ENSG00000123485	1.09591121887946e-193
ENSG00000103253	3.999446587832e-195
ENSG00000109063	6.77249911922949e-196
ENSG00000170369	2.36349218049231e-200
ENSG00000185842	7.3463902036597e-205
ENSG00000258227	2.48548301779952e-206
ENSG00000183856	1.44688839464703e-210
ENSG00000090889	1.96042568747767e-212
ENSG00000276043	1.30032540865555e-212
ENSG00000066279	5.24590769975686e-213
ENSG00000035499	1.1837654303046e-222
ENSG00000025423	7.4403465666336e-224
ENSG00000170373	1.43940702174857e-227
ENSG00000186871	2.00515720019272e-231
ENSG00000172156	1.27048551294323e-233
ENSG00000165891	2.34159761738193e-239
ENSG00000051341	1.07587385208732e-244
ENSG00000186185	9.69077643042115e-249
ENSG00000278023	8.33832542381383e-256
ENSG00000171320	4.60796737297563e-260
ENSG00000117650	6.85859061182313e-264
ENSG00000118193	1.66479648870248e-269
ENSG00000127564	1.96906284975731e-281
ENSG00000123500	8.89741377322807e-295
ENSG00000109674	3.01451217921633e-300
ENSG00000158402	4.61948210600945e-303
